len,n,deepseek-chat,deepseek-R1-8b,deepseek-R1-32b,deepseek-R1-70b,deepseek-reasoner,gpt-4.1,gpt-4.1-mini,llama-3.1-8b,llama-3.1-70b,o3-mini,o4-mini,QwQ-32B
2,10,0.5,0.0,0.2,0.3,0.6,0.1111,0.2,0.1,0.5,0.6,0.3,0.8
3,143,0.3586,0.131,0.2,0.2098,0.531,0.4653,0.2621,0.1103,0.3077,0.3655,0.4276,0.4336
4,68,0.2647,0.0882,0.0882,0.1324,0.3088,0.209,0.2059,0.0882,0.1765,0.1618,0.3088,0.2206
5,25,0.36,0.0,0.2,0.2,0.44,0.32,0.16,0.04,0.08,0.08,0.2,0.32
6,12,0.1538,0.0769,0.1538,0.25,0.5385,0.3846,0.3077,0.2308,0.1667,0.0769,0.2308,0.25
7,1,1.0,0.0,0.0,0.0,0.0,0.0,0.0,0.0,1.0,0.0,0.0,0.0
8,1,0.0,0.0,0.0,0.0,0.0,0.0,0.0,0.0,0.0,0.0,0.0,0.0
9,1,1.0,0.0,0.0,0.0,1.0,0.0,0.0,0.0,0.0,0.0,0.0,0.0
10,1,1.0,0.0,0.0,0.0,0.0,0.0,0.0,1.0,1.0,1.0,0.0,1.0
